ruta,tipo,estado,accion,riesgo,justificacion,owner
docs/ADDENDUM_OFFLINE_FIRST_v1.0.md,documentacion,activo,KEEP,bajo,software/documentación propia en superficie canónica,owner.architecture
docs/ADDENDUM_SEGURIDAD_BACKLOG_v1.0.md,documentacion,activo,KEEP,bajo,software/documentación propia en superficie canónica,owner.architecture
docs/ADDENDUM_SEGURIDAD_v1.0.md,documentacion,activo,KEEP,bajo,software/documentación propia en superficie canónica,owner.architecture
docs/ADDENDUM_SEGURIDAD_v1.1.md,documentacion,activo,KEEP,bajo,software/documentación propia en superficie canónica,owner.architecture
docs/ARQUITECTURA_DOMINIO_Y_CONTROL_v1.0.md,documentacion,activo,KEEP,bajo,software/documentación propia en superficie canónica,owner.architecture
docs/AUDITORIA_IA.md,documentacion,activo,KEEP,bajo,software/documentación propia en superficie canónica,owner.architecture
docs/Auditoría técnica profunda del repositorio.md,documentacion,activo,KEEP,bajo,software/documentación propia en superficie canónica,owner.architecture
docs/BILLING_KERNEL_v1.0.md,documentacion,activo,KEEP,bajo,software/documentación propia en superficie canónica,owner.architecture
docs/CONTRACT_PACK_v1.0.md,documentacion,activo,KEEP,bajo,software/documentación propia en superficie canónica,owner.architecture
docs/CONTRACT_PACK_v1.1.md,documentacion,activo,KEEP,bajo,software/documentación propia en superficie canónica,owner.architecture
docs/CONTRACT_PACK_v2.0.md,documentacion,activo,KEEP,bajo,software/documentación propia en superficie canónica,owner.architecture
docs/ESTANDAR_COMENTARIOS.md,documentacion,activo,KEEP,bajo,software/documentación propia en superficie canónica,owner.architecture
docs/FUTURAS_MEJORAS.md,documentacion,activo,KEEP,bajo,software/documentación propia en superficie canónica,owner.architecture
docs/MATRIZ AVANZADA DE ENDURECIMIENTO DE KERNELS — NECKTRAL.md,documentacion,activo,KEEP,bajo,software/documentación propia en superficie canónica,owner.architecture
docs/PLAN_BILLING_INVENTORY_CONTABLE_AVANZADO_v1.0.md,documentacion,activo,KEEP,bajo,software/documentación propia en superficie canónica,owner.architecture
docs/QUALITY_COVERAGE_DIAGNOSTIC.md,documentacion,activo,KEEP,bajo,software/documentación propia en superficie canónica,owner.architecture
docs/README.md,documentacion,activo,KEEP,bajo,software/documentación propia en superficie canónica,owner.architecture
docs/contexto_nucleos.md,documentacion,activo,KEEP,bajo,software/documentación propia en superficie canónica,owner.architecture
docs/operacion/ADAPTER_B_FASE6_CERTIFICACION_v1.0.md,documentacion,activo,KEEP,bajo,software/documentación propia en superficie canónica,owner.architecture
docs/operacion/BASELINE_RELEASE_F6_F12_20260310.md,documentacion,activo,KEEP,bajo,software/documentación propia en superficie canónica,owner.architecture
docs/operacion/BUG_BOUNTY_LOCAL_v1.0.md,documentacion,activo,KEEP,bajo,software/documentación propia en superficie canónica,owner.architecture
docs/operacion/CD_DEPLOY_v1.0.md,documentacion,activo,KEEP,bajo,software/documentación propia en superficie canónica,owner.architecture
docs/operacion/CHECKLIST_PROMOCION_PRODUCCION_FASE6_7B_v1.0.md,documentacion,activo,KEEP,bajo,software/documentación propia en superficie canónica,owner.architecture
docs/operacion/GL_FASE7A_CERTIFICACION_v1.0.md,documentacion,activo,KEEP,bajo,software/documentación propia en superficie canónica,owner.architecture
docs/operacion/GL_FASE7B_INTERCOMPANY_CONSOLIDACION_v1.0.md,documentacion,activo,KEEP,bajo,software/documentación propia en superficie canónica,owner.architecture
docs/operacion/GO_LIVE_BILLING_INVENTORY_F4_F5_v1.0.md,documentacion,activo,KEEP,bajo,software/documentación propia en superficie canónica,owner.architecture
docs/operacion/GO_LIVE_FASE10_PROCUREMENT_v1.0.md,documentacion,activo,KEEP,bajo,software/documentación propia en superficie canónica,owner.architecture
docs/operacion/GO_LIVE_FASE11_INTERCOMPANY_AVANZADO_v1.0.md,documentacion,activo,KEEP,bajo,software/documentación propia en superficie canónica,owner.architecture
docs/operacion/GO_LIVE_FASE12_CIERRE_MENSUAL_CONTINUO_v1.0.md,documentacion,activo,KEEP,bajo,software/documentación propia en superficie canónica,owner.architecture
docs/operacion/GO_LIVE_FASE8_PRODUCCION_v1.0.md,documentacion,activo,KEEP,bajo,software/documentación propia en superficie canónica,owner.architecture
docs/operacion/GO_LIVE_FASE9_PROVIDER_v1.0.md,documentacion,activo,KEEP,bajo,software/documentación propia en superficie canónica,owner.architecture
docs/operacion/MATRIZ_OWNERSHIP_SLA_FASE6_7B_v1.0.md,documentacion,activo,KEEP,bajo,software/documentación propia en superficie canónica,owner.architecture
docs/operacion/PLAN_MAESTRO_F1_F12_CIERRE_OPERATIVO_v1.0.md,documentacion,activo,KEEP,bajo,software/documentación propia en superficie canónica,owner.architecture
docs/operacion/PR_RELEASE_F1_F12_CHECKLIST.md,documentacion,activo,KEEP,bajo,software/documentación propia en superficie canónica,owner.architecture
docs/operacion/README.md,documentacion,activo,KEEP,bajo,software/documentación propia en superficie canónica,owner.architecture
docs/operacion/ROTACION_SECRETOS_v1.0.md,documentacion,activo,KEEP,bajo,software/documentación propia en superficie canónica,owner.architecture
docs/operacion/SHADOW_LEDGER_FASE4A_CERTIFICACION_v1.0.md,documentacion,activo,KEEP,bajo,software/documentación propia en superficie canónica,owner.architecture
docs/operacion/STAGING_FIRST_EJECUCION_TOTAL_v1.0.md,documentacion,activo,KEEP,bajo,software/documentación propia en superficie canónica,owner.architecture
docs/operacion/import_export/EMPRESA_IMPORT_EXPORT_v1.0.md,documentacion,activo,KEEP,bajo,software/documentación propia en superficie canónica,owner.architecture
docs/operacion/import_export/README.md,documentacion,activo,KEEP,bajo,software/documentación propia en superficie canónica,owner.architecture
docs/operacion/import_export/templates/CHECKLIST_DOCUMENTAL_v1.0.md,documentacion,activo,KEEP,bajo,software/documentación propia en superficie canónica,owner.architecture
docs/operacion/import_export/templates/CONTRATO_CLIENTE_v1.0.md,documentacion,activo,KEEP,bajo,software/documentación propia en superficie canónica,owner.architecture
docs/operacion/import_export/templates/CONTRATO_PROVEEDOR_v1.0.md,documentacion,activo,KEEP,bajo,software/documentación propia en superficie canónica,owner.architecture
docs/operacion/import_export/templates/COTIZACION_LANDED_COST_v1.0.md,documentacion,activo,KEEP,bajo,software/documentación propia en superficie canónica,owner.architecture
docs/operacion/import_export/templates/README.md,documentacion,activo,KEEP,bajo,software/documentación propia en superficie canónica,owner.architecture
docs/operacion/import_export/templates/RFQ_v1.0.md,documentacion,activo,KEEP,bajo,software/documentación propia en superficie canónica,owner.architecture
docs/repo_higiene/CHECKLIST_EJECUCION_REORG_v1.1.md,documentacion,activo,KEEP,bajo,software/documentación propia en superficie canónica,owner.architecture
docs/repo_higiene/POLITICA_CANONICO_Y_LEGACY_v1.1.md,documentacion,activo,KEEP,bajo,software/documentación propia en superficie canónica,owner.architecture
docs/repo_higiene/README.md,documentacion,activo,KEEP,bajo,software/documentación propia en superficie canónica,owner.architecture
docs/repo_higiene/duplicados_software_v1.1.csv,soporte,activo,KEEP,bajo,archivo de soporte no generado,owner.architecture
docs/repo_higiene/inventario_software_v1.1.csv,soporte,activo,KEEP,bajo,archivo de soporte no generado,owner.architecture
docs/repo_higiene/resumen_reorganizacion_v1.1.md,documentacion,activo,KEEP,bajo,software/documentación propia en superficie canónica,owner.architecture
frontend/src/ARCHITECTURE_SPA_MODULAR.md,codigo-fuente,activo,KEEP,medio,software/documentación propia en superficie canónica,owner.frontend
frontend/src/App.vue,codigo-fuente,activo,KEEP,medio,software/documentación propia en superficie canónica,owner.frontend
frontend/src/app/README.md,codigo-fuente,activo,KEEP,medio,software/documentación propia en superficie canónica,owner.frontend
frontend/src/assets/quasar-logo-vertical.svg,soporte,activo,KEEP,bajo,archivo de soporte no generado,owner.frontend
frontend/src/boot/.gitkeep,soporte,activo,KEEP,bajo,archivo de soporte no generado,owner.frontend
frontend/src/boot/axios.ts,codigo-fuente,activo,KEEP,medio,software/documentación propia en superficie canónica,owner.frontend
frontend/src/components/EssentialLink.vue,codigo-fuente,activo,KEEP,medio,software/documentación propia en superficie canónica,owner.frontend
frontend/src/components/ExampleComponent.vue,codigo-fuente,activo,KEEP,medio,software/documentación propia en superficie canónica,owner.frontend
frontend/src/components/models.ts,codigo-fuente,activo,KEEP,medio,software/documentación propia en superficie canónica,owner.frontend
frontend/src/core/http/errors.ts,codigo-fuente,activo,KEEP,medio,software/documentación propia en superficie canónica,owner.frontend
frontend/src/core/storage/auth.ts,codigo-fuente,activo,KEEP,medio,software/documentación propia en superficie canónica,owner.frontend
frontend/src/core/storage/context.ts,codigo-fuente,activo,KEEP,medio,software/documentación propia en superficie canónica,owner.frontend
frontend/src/core/storage/keys.ts,codigo-fuente,activo,KEEP,medio,software/documentación propia en superficie canónica,owner.frontend
frontend/src/core/storage/ui.ts,codigo-fuente,activo,KEEP,medio,software/documentación propia en superficie canónica,owner.frontend
frontend/src/css/app.scss,codigo-fuente,activo,KEEP,medio,software/documentación propia en superficie canónica,owner.frontend
frontend/src/css/quasar.variables.scss,codigo-fuente,activo,KEEP,medio,software/documentación propia en superficie canónica,owner.frontend
frontend/src/entities/README.md,codigo-fuente,activo,KEEP,medio,software/documentación propia en superficie canónica,owner.frontend
frontend/src/env.d.ts,codigo-fuente,activo,KEEP,medio,software/documentación propia en superficie canónica,owner.frontend
frontend/src/features/README.md,codigo-fuente,activo,KEEP,medio,software/documentación propia en superficie canónica,owner.frontend
frontend/src/features/hr/employees/useHrEmployeesFeature.ts,codigo-fuente,activo,KEEP,medio,software/documentación propia en superficie canónica,owner.frontend
frontend/src/layouts/AuthLayout.vue,codigo-fuente,activo,KEEP,medio,software/documentación propia en superficie canónica,owner.frontend
frontend/src/layouts/MainLayout.vue,codigo-fuente,activo,KEEP,medio,software/documentación propia en superficie canónica,owner.frontend
frontend/src/pages/AuditBitacoraPage.vue,codigo-fuente,activo,KEEP,medio,software/documentación propia en superficie canónica,owner.frontend
frontend/src/pages/AuditEventsPage.vue,codigo-fuente,activo,KEEP,medio,software/documentación propia en superficie canónica,owner.frontend
frontend/src/pages/BootstrapWizardPage.vue,codigo-fuente,activo,KEEP,medio,software/documentación propia en superficie canónica,owner.frontend
frontend/src/pages/DashboardPage.vue,codigo-fuente,activo,KEEP,medio,software/documentación propia en superficie canónica,owner.frontend
frontend/src/pages/ErrorNotFound.vue,codigo-fuente,activo,KEEP,medio,software/documentación propia en superficie canónica,owner.frontend
frontend/src/pages/ForbiddenPage.vue,codigo-fuente,activo,KEEP,medio,software/documentación propia en superficie canónica,owner.frontend
frontend/src/pages/ForcePasswordChangePage.vue,codigo-fuente,activo,KEEP,medio,software/documentación propia en superficie canónica,owner.frontend
frontend/src/pages/FuelDashboardPage.vue,codigo-fuente,activo,KEEP,medio,software/documentación propia en superficie canónica,owner.frontend
frontend/src/pages/FuelHealthPage.vue,codigo-fuente,activo,KEEP,medio,software/documentación propia en superficie canónica,owner.frontend
frontend/src/pages/HrEmployeesPage.vue,codigo-fuente,activo,KEEP,medio,software/documentación propia en superficie canónica,owner.frontend
frontend/src/pages/HrPositionsPage.vue,codigo-fuente,activo,KEEP,medio,software/documentación propia en superficie canónica,owner.frontend
frontend/src/pages/IndexPage.vue,codigo-fuente,activo,KEEP,medio,software/documentación propia en superficie canónica,owner.frontend
frontend/src/pages/LoginPage.vue,codigo-fuente,activo,KEEP,medio,software/documentación propia en superficie canónica,owner.frontend
frontend/src/pages/OrgBranchesPage.vue,codigo-fuente,activo,KEEP,medio,software/documentación propia en superficie canónica,owner.frontend
frontend/src/pages/OrgCompaniesPage.vue,codigo-fuente,activo,KEEP,medio,software/documentación propia en superficie canónica,owner.frontend
frontend/src/pages/OrgCompanyProfilePage.vue,codigo-fuente,activo,KEEP,medio,software/documentación propia en superficie canónica,owner.frontend
frontend/src/pages/README.md,codigo-fuente,activo,KEEP,medio,software/documentación propia en superficie canónica,owner.frontend
frontend/src/pages/SelectContextPage.vue,codigo-fuente,activo,KEEP,medio,software/documentación propia en superficie canónica,owner.frontend
frontend/src/pages/SyncDevicesPage.vue,codigo-fuente,activo,KEEP,medio,software/documentación propia en superficie canónica,owner.frontend
frontend/src/pages/SyncEnrollmentPage.vue,codigo-fuente,activo,KEEP,medio,software/documentación propia en superficie canónica,owner.frontend
frontend/src/pages/TwoFactorPage.vue,codigo-fuente,activo,KEEP,medio,software/documentación propia en superficie canónica,owner.frontend
frontend/src/pages/TwoFactorSetupPage.vue,codigo-fuente,activo,KEEP,medio,software/documentación propia en superficie canónica,owner.frontend
frontend/src/router/index.ts,codigo-fuente,activo,KEEP,medio,software/documentación propia en superficie canónica,owner.frontend
frontend/src/router/routes.spec.ts,codigo-fuente,activo,KEEP,medio,software/documentación propia en superficie canónica,owner.frontend
frontend/src/router/routes.ts,codigo-fuente,activo,KEEP,medio,software/documentación propia en superficie canónica,owner.frontend
frontend/src/services/audit.service.ts,codigo-fuente,activo,KEEP,medio,software/documentación propia en superficie canónica,owner.frontend
frontend/src/services/fuel.service.ts,codigo-fuente,activo,KEEP,medio,software/documentación propia en superficie canónica,owner.frontend
frontend/src/services/hr.service.ts,codigo-fuente,activo,KEEP,medio,software/documentación propia en superficie canónica,owner.frontend
frontend/src/services/org.service.ts,codigo-fuente,activo,KEEP,medio,software/documentación propia en superficie canónica,owner.frontend
frontend/src/services/rbac.service.ts,codigo-fuente,activo,KEEP,medio,software/documentación propia en superficie canónica,owner.frontend
frontend/src/services/sync.service.ts,codigo-fuente,activo,KEEP,medio,software/documentación propia en superficie canónica,owner.frontend
frontend/src/shared/README.md,codigo-fuente,activo,KEEP,medio,software/documentación propia en superficie canónica,owner.frontend
frontend/src/shared/http/__tests__/api-error.spec.ts,codigo-fuente,activo,KEEP,medio,software/documentación propia en superficie canónica,owner.frontend
frontend/src/shared/http/api-error.ts,codigo-fuente,activo,KEEP,medio,software/documentación propia en superficie canónica,owner.frontend
frontend/src/shared/ui/business-terms.ts,codigo-fuente,activo,KEEP,medio,software/documentación propia en superficie canónica,owner.frontend
frontend/src/stores/__tests__/auth.store.spec.ts,codigo-fuente,activo,KEEP,medio,software/documentación propia en superficie canónica,owner.frontend
frontend/src/stores/acl.store.ts,codigo-fuente,activo,KEEP,medio,software/documentación propia en superficie canónica,owner.frontend
frontend/src/stores/auth.store.ts,codigo-fuente,activo,KEEP,medio,software/documentación propia en superficie canónica,owner.frontend
frontend/src/stores/context.store.ts,codigo-fuente,activo,KEEP,medio,software/documentación propia en superficie canónica,owner.frontend
frontend/src/stores/example-store.ts,codigo-fuente,activo,KEEP,medio,software/documentación propia en superficie canónica,owner.frontend
frontend/src/stores/index.ts,codigo-fuente,activo,KEEP,medio,software/documentación propia en superficie canónica,owner.frontend
frontend/src/stores/ui.store.ts,codigo-fuente,activo,KEEP,medio,software/documentación propia en superficie canónica,owner.frontend
frontend/src/test/setup.ts,codigo-fuente,activo,KEEP,medio,software/documentación propia en superficie canónica,owner.frontend
frontend/src/ui/AppContainer.vue,codigo-fuente,activo,KEEP,medio,software/documentación propia en superficie canónica,owner.frontend
frontend/src/ui/AppDataTable.vue,codigo-fuente,activo,KEEP,medio,software/documentación propia en superficie canónica,owner.frontend
frontend/src/ui/AppPageHeader.vue,codigo-fuente,activo,KEEP,medio,software/documentación propia en superficie canónica,owner.frontend
frontend/src/widgets/README.md,codigo-fuente,activo,KEEP,medio,software/documentación propia en superficie canónica,owner.frontend
frontend/src/widgets/hr/HrEmployeesTableWidget.vue,codigo-fuente,activo,KEEP,medio,software/documentación propia en superficie canónica,owner.frontend
login_module/src/BITACORA.md,codigo-fuente,activo,KEEP,medio,software/documentación propia en superficie canónica,owner.unassigned
login_module/src/README.md,codigo-fuente,activo,KEEP,medio,software/documentación propia en superficie canónica,owner.unassigned
login_module/src/apps/__init__.py,codigo-fuente,activo,KEEP,medio,software/documentación propia en superficie canónica,owner.backend
login_module/src/apps/accounting/__init__.py,codigo-fuente,activo,KEEP,medio,software/documentación propia en superficie canónica,owner.accounting
login_module/src/apps/accounting/apps.py,codigo-fuente,activo,KEEP,medio,software/documentación propia en superficie canónica,owner.accounting
login_module/src/apps/accounting/certification.py,codigo-fuente,activo,KEEP,medio,software/documentación propia en superficie canónica,owner.accounting
login_module/src/apps/accounting/certification_phase11.py,codigo-fuente,activo,KEEP,medio,software/documentación propia en superficie canónica,owner.accounting
login_module/src/apps/accounting/certification_phase12.py,codigo-fuente,activo,KEEP,medio,software/documentación propia en superficie canónica,owner.accounting
login_module/src/apps/accounting/certification_phase7.py,codigo-fuente,activo,KEEP,medio,software/documentación propia en superficie canónica,owner.accounting
login_module/src/apps/accounting/certification_phase7b.py,codigo-fuente,activo,KEEP,medio,software/documentación propia en superficie canónica,owner.accounting
login_module/src/apps/accounting/management/__init__.py,codigo-fuente,activo,KEEP,medio,software/documentación propia en superficie canónica,owner.accounting
login_module/src/apps/accounting/management/commands/__init__.py,codigo-fuente,activo,KEEP,medio,software/documentación propia en superficie canónica,owner.accounting
login_module/src/apps/accounting/management/commands/approve_journal_drafts.py,codigo-fuente,activo,KEEP,medio,software/documentación propia en superficie canónica,owner.accounting
login_module/src/apps/accounting/management/commands/certify_phase11_intercompany_sla.py,codigo-fuente,activo,KEEP,medio,software/documentación propia en superficie canónica,owner.accounting
login_module/src/apps/accounting/management/commands/certify_phase12_monthly_determinism.py,codigo-fuente,activo,KEEP,medio,software/documentación propia en superficie canónica,owner.accounting
login_module/src/apps/accounting/management/commands/certify_phase7_gl_run.py,codigo-fuente,activo,KEEP,medio,software/documentación propia en superficie canónica,owner.accounting
login_module/src/apps/accounting/management/commands/certify_phase7b_consolidation.py,codigo-fuente,activo,KEEP,medio,software/documentación propia en superficie canónica,owner.accounting
login_module/src/apps/accounting/management/commands/certify_phase8_cutover.py,codigo-fuente,activo,KEEP,medio,software/documentación propia en superficie canónica,owner.accounting
login_module/src/apps/accounting/management/commands/certify_shadow_ledger_run.py,codigo-fuente,activo,KEEP,medio,software/documentación propia en superficie canónica,owner.accounting
login_module/src/apps/accounting/management/commands/close_fiscal_period.py,codigo-fuente,activo,KEEP,medio,software/documentación propia en superficie canónica,owner.accounting
login_module/src/apps/accounting/management/commands/compare_phase11_env_manifests.py,codigo-fuente,activo,KEEP,medio,software/documentación propia en superficie canónica,owner.accounting
login_module/src/apps/accounting/management/commands/compare_phase12_env_manifests.py,codigo-fuente,activo,KEEP,medio,software/documentación propia en superficie canónica,owner.accounting
login_module/src/apps/accounting/management/commands/compare_phase4_env_manifests.py,codigo-fuente,activo,KEEP,medio,software/documentación propia en superficie canónica,owner.accounting
login_module/src/apps/accounting/management/commands/compare_phase7_env_manifests.py,codigo-fuente,activo,KEEP,medio,software/documentación propia en superficie canónica,owner.accounting
login_module/src/apps/accounting/management/commands/compare_phase8_env_manifests.py,codigo-fuente,activo,KEEP,medio,software/documentación propia en superficie canónica,owner.accounting
login_module/src/apps/accounting/management/commands/evaluate_phase8_rollback.py,codigo-fuente,activo,KEEP,medio,software/documentación propia en superficie canónica,owner.accounting
login_module/src/apps/accounting/management/commands/explain_financial_queries.py,codigo-fuente,activo,KEEP,medio,software/documentación propia en superficie canónica,owner.accounting
login_module/src/apps/accounting/management/commands/export_finance_operational_snapshot.py,codigo-fuente,activo,KEEP,medio,software/documentación propia en superficie canónica,owner.accounting
login_module/src/apps/accounting/management/commands/export_gl_report.py,codigo-fuente,activo,KEEP,medio,software/documentación propia en superficie canónica,owner.accounting
login_module/src/apps/accounting/management/commands/export_operational_load_snapshot.py,codigo-fuente,activo,KEEP,medio,software/documentación propia en superficie canónica,owner.accounting
login_module/src/apps/accounting/management/commands/export_phase11_env_manifest.py,codigo-fuente,activo,KEEP,medio,software/documentación propia en superficie canónica,owner.accounting
login_module/src/apps/accounting/management/commands/export_phase12_env_manifest.py,codigo-fuente,activo,KEEP,medio,software/documentación propia en superficie canónica,owner.accounting
login_module/src/apps/accounting/management/commands/export_phase4_env_manifest.py,codigo-fuente,activo,KEEP,medio,software/documentación propia en superficie canónica,owner.accounting
login_module/src/apps/accounting/management/commands/export_phase7_env_manifest.py,codigo-fuente,activo,KEEP,medio,software/documentación propia en superficie canónica,owner.accounting
login_module/src/apps/accounting/management/commands/export_phase8_env_manifest.py,codigo-fuente,activo,KEEP,medio,software/documentación propia en superficie canónica,owner.accounting
login_module/src/apps/accounting/management/commands/export_phase8_release_baseline.py,codigo-fuente,activo,KEEP,medio,software/documentación propia en superficie canónica,owner.accounting
login_module/src/apps/accounting/management/commands/export_staging_preflight_manifest.py,codigo-fuente,activo,KEEP,medio,software/documentación propia en superficie canónica,owner.accounting
login_module/src/apps/accounting/management/commands/manage_operational_posting_pilot.py,codigo-fuente,activo,KEEP,medio,software/documentación propia en superficie canónica,owner.accounting
login_module/src/apps/accounting/management/commands/post_journal_drafts.py,codigo-fuente,activo,KEEP,medio,software/documentación propia en superficie canónica,owner.accounting
login_module/src/apps/accounting/management/commands/project_shadow_ledger.py,codigo-fuente,activo,KEEP,medio,software/documentación propia en superficie canónica,owner.accounting
login_module/src/apps/accounting/management/commands/record_operational_go_live_exception.py,codigo-fuente,activo,KEEP,medio,software/documentación propia en superficie canónica,owner.accounting
login_module/src/apps/accounting/management/commands/record_operational_go_live_review.py,codigo-fuente,activo,KEEP,medio,software/documentación propia en superficie canónica,owner.accounting
login_module/src/apps/accounting/management/commands/record_phase8_accountant_review.py,codigo-fuente,activo,KEEP,medio,software/documentación propia en superficie canónica,owner.accounting
login_module/src/apps/accounting/management/commands/reverse_journal_entries_batch.py,codigo-fuente,activo,KEEP,medio,software/documentación propia en superficie canónica,owner.accounting
login_module/src/apps/accounting/management/commands/reverse_journal_entry.py,codigo-fuente,activo,KEEP,medio,software/documentación propia en superficie canónica,owner.accounting
login_module/src/apps/accounting/management/commands/run_consolidated_close.py,codigo-fuente,activo,KEEP,medio,software/documentación propia en superficie canónica,owner.accounting
login_module/src/apps/accounting/management/commands/run_fx_revaluation.py,codigo-fuente,activo,KEEP,medio,software/documentación propia en superficie canónica,owner.accounting
login_module/src/apps/accounting/management/commands/run_intercompany_cycle.py,codigo-fuente,activo,KEEP,medio,software/documentación propia en superficie canónica,owner.accounting
login_module/src/apps/accounting/management/commands/run_phase11_intercompany_cycle.py,codigo-fuente,activo,KEEP,medio,software/documentación propia en superficie canónica,owner.accounting
login_module/src/apps/accounting/management/commands/run_phase12_monthly_close.py,codigo-fuente,activo,KEEP,medio,software/documentación propia en superficie canónica,owner.accounting
login_module/src/apps/accounting/management/commands/run_phase7_gl_cycle.py,codigo-fuente,activo,KEEP,medio,software/documentación propia en superficie canónica,owner.accounting
login_module/src/apps/accounting/management/commands/run_phase8_burnin_cycle.py,codigo-fuente,activo,KEEP,medio,software/documentación propia en superficie canónica,owner.accounting
login_module/src/apps/accounting/management/commands/run_shadow_ledger_cycle.py,codigo-fuente,activo,KEEP,medio,software/documentación propia en superficie canónica,owner.accounting
login_module/src/apps/accounting/management/commands/seed_posting_rules_v1.py,codigo-fuente,activo,KEEP,medio,software/documentación propia en superficie canónica,owner.accounting
login_module/src/apps/accounting/management/commands/verify_operational_pilot_go_live.py,codigo-fuente,activo,KEEP,medio,software/documentación propia en superficie canónica,owner.accounting
login_module/src/apps/accounting/management/commands/verify_phase11_go_live.py,codigo-fuente,activo,KEEP,medio,software/documentación propia en superficie canónica,owner.accounting
login_module/src/apps/accounting/management/commands/verify_phase12_go_live.py,codigo-fuente,activo,KEEP,medio,software/documentación propia en superficie canónica,owner.accounting
login_module/src/apps/accounting/management/commands/verify_phase12_operational_slo.py,codigo-fuente,activo,KEEP,medio,software/documentación propia en superficie canónica,owner.accounting
login_module/src/apps/accounting/management/commands/verify_phase4_go_live.py,codigo-fuente,activo,KEEP,medio,software/documentación propia en superficie canónica,owner.accounting
login_module/src/apps/accounting/management/commands/verify_phase7_go_live.py,codigo-fuente,activo,KEEP,medio,software/documentación propia en superficie canónica,owner.accounting
login_module/src/apps/accounting/management/commands/verify_phase7b_go_live.py,codigo-fuente,activo,KEEP,medio,software/documentación propia en superficie canónica,owner.accounting
login_module/src/apps/accounting/management/commands/verify_phase8_accountant_signoff.py,codigo-fuente,activo,KEEP,medio,software/documentación propia en superficie canónica,owner.accounting
login_module/src/apps/accounting/management/commands/verify_phase8_burn_in.py,codigo-fuente,activo,KEEP,medio,software/documentación propia en superficie canónica,owner.accounting
login_module/src/apps/accounting/management/commands/verify_phase8_precutover.py,codigo-fuente,activo,KEEP,medio,software/documentación propia en superficie canónica,owner.accounting
login_module/src/apps/accounting/migrations/0001_initial.py,codigo-fuente,activo,KEEP,medio,software/documentación propia en superficie canónica,owner.accounting
login_module/src/apps/accounting/migrations/0002_shadow_ledger_phase4a.py,codigo-fuente,activo,KEEP,medio,software/documentación propia en superficie canónica,owner.accounting
login_module/src/apps/accounting/migrations/0003_phase5_sod_actor_trace.py,codigo-fuente,activo,KEEP,medio,software/documentación propia en superficie canónica,owner.accounting
login_module/src/apps/accounting/migrations/0004_phase7a_gl_core.py,codigo-fuente,activo,KEEP,medio,software/documentación propia en superficie canónica,owner.accounting
login_module/src/apps/accounting/migrations/0005_phase7b_intercompany_consolidation.py,codigo-fuente,activo,KEEP,medio,software/documentación propia en superficie canónica,owner.accounting
login_module/src/apps/accounting/migrations/0006_phase7b_performance_indexes.py,codigo-fuente,activo,KEEP,medio,software/documentación propia en superficie canónica,owner.accounting
login_module/src/apps/accounting/migrations/0007_phase11_intercompany_advanced.py,codigo-fuente,activo,KEEP,medio,software/documentación propia en superficie canónica,owner.accounting
login_module/src/apps/accounting/migrations/0008_operational_posting_config.py,codigo-fuente,activo,KEEP,medio,software/documentación propia en superficie canónica,owner.accounting
login_module/src/apps/accounting/migrations/__init__.py,codigo-fuente,activo,KEEP,medio,software/documentación propia en superficie canónica,owner.accounting
login_module/src/apps/accounting/models.py,codigo-fuente,activo,KEEP,medio,software/documentación propia en superficie canónica,owner.accounting
login_module/src/apps/accounting/phase7.py,codigo-fuente,activo,KEEP,medio,software/documentación propia en superficie canónica,owner.accounting
login_module/src/apps/accounting/phase7b.py,codigo-fuente,activo,KEEP,medio,software/documentación propia en superficie canónica,owner.accounting
login_module/src/apps/accounting/phase8.py,codigo-fuente,activo,KEEP,medio,software/documentación propia en superficie canónica,owner.accounting
login_module/src/apps/accounting/serializers.py,codigo-fuente,activo,KEEP,medio,software/documentación propia en superficie canónica,owner.accounting
login_module/src/apps/accounting/services.py,codigo-fuente,activo,KEEP,medio,software/documentación propia en superficie canónica,owner.accounting
login_module/src/apps/accounting/staging_ops.py,codigo-fuente,activo,KEEP,medio,software/documentación propia en superficie canónica,owner.accounting
login_module/src/apps/accounting/urls.py,codigo-fuente,activo,KEEP,medio,software/documentación propia en superficie canónica,owner.accounting
login_module/src/apps/accounting/views.py,codigo-fuente,activo,KEEP,medio,software/documentación propia en superficie canónica,owner.accounting
login_module/src/apps/accounts/__init__.py,codigo-fuente,activo,KEEP,medio,software/documentación propia en superficie canónica,owner.backend
login_module/src/apps/accounts/admin.py,codigo-fuente,activo,KEEP,medio,software/documentación propia en superficie canónica,owner.backend
login_module/src/apps/accounts/apps.py,codigo-fuente,activo,KEEP,medio,software/documentación propia en superficie canónica,owner.backend
login_module/src/apps/accounts/cookies.py,codigo-fuente,activo,KEEP,medio,software/documentación propia en superficie canónica,owner.backend
login_module/src/apps/accounts/management/__init__.py,codigo-fuente,activo,KEEP,medio,software/documentación propia en superficie canónica,owner.backend
login_module/src/apps/accounts/management/commands/__init__.py,codigo-fuente,activo,KEEP,medio,software/documentación propia en superficie canónica,owner.backend
login_module/src/apps/accounts/management/commands/seed_auth_users.py,codigo-fuente,activo,KEEP,medio,software/documentación propia en superficie canónica,owner.backend
login_module/src/apps/accounts/migrations/0001_initial.py,codigo-fuente,activo,KEEP,medio,software/documentación propia en superficie canónica,owner.backend
login_module/src/apps/accounts/migrations/0002_user_must_change_password.py,codigo-fuente,activo,KEEP,medio,software/documentación propia en superficie canónica,owner.backend
login_module/src/apps/accounts/migrations/0003_user_is_setup_complete.py,codigo-fuente,activo,KEEP,medio,software/documentación propia en superficie canónica,owner.backend
login_module/src/apps/accounts/migrations/0004_refresh_token_session.py,codigo-fuente,activo,KEEP,medio,software/documentación propia en superficie canónica,owner.backend
login_module/src/apps/accounts/migrations/0005_user_totp_fields.py,codigo-fuente,activo,KEEP,medio,software/documentación propia en superficie canónica,owner.backend
login_module/src/apps/accounts/migrations/0006_two_factor_challenge.py,codigo-fuente,activo,KEEP,medio,software/documentación propia en superficie canónica,owner.backend
login_module/src/apps/accounts/migrations/__init__.py,codigo-fuente,activo,KEEP,medio,software/documentación propia en superficie canónica,owner.backend
login_module/src/apps/accounts/models.py,codigo-fuente,activo,KEEP,medio,software/documentación propia en superficie canónica,owner.backend
login_module/src/apps/accounts/password_validators.py,codigo-fuente,activo,KEEP,medio,software/documentación propia en superficie canónica,owner.backend
login_module/src/apps/accounts/serializers.py,codigo-fuente,activo,KEEP,medio,software/documentación propia en superficie canónica,owner.backend
login_module/src/apps/accounts/signals.py,codigo-fuente,activo,KEEP,medio,software/documentación propia en superficie canónica,owner.backend
login_module/src/apps/accounts/tests.py,codigo-fuente,activo,KEEP,medio,software/documentación propia en superficie canónica,owner.backend
login_module/src/apps/accounts/urls.py,codigo-fuente,activo,KEEP,medio,software/documentación propia en superficie canónica,owner.backend
login_module/src/apps/accounts/views.py,codigo-fuente,activo,KEEP,medio,software/documentación propia en superficie canónica,owner.backend
login_module/src/apps/audit/__init__.py,codigo-fuente,activo,KEEP,medio,software/documentación propia en superficie canónica,owner.audit
login_module/src/apps/audit/admin.py,codigo-fuente,activo,KEEP,medio,software/documentación propia en superficie canónica,owner.audit
login_module/src/apps/audit/apps.py,codigo-fuente,activo,KEEP,medio,software/documentación propia en superficie canónica,owner.audit
login_module/src/apps/audit/contracts.py,codigo-fuente,activo,KEEP,medio,software/documentación propia en superficie canónica,owner.audit
login_module/src/apps/audit/integrity.py,codigo-fuente,activo,KEEP,medio,software/documentación propia en superficie canónica,owner.audit
login_module/src/apps/audit/keyring.py,codigo-fuente,activo,KEEP,medio,software/documentación propia en superficie canónica,owner.audit
login_module/src/apps/audit/management/commands/audit_verify_chain.py,codigo-fuente,activo,KEEP,medio,software/documentación propia en superficie canónica,owner.audit
login_module/src/apps/audit/middleware.py,codigo-fuente,activo,KEEP,medio,software/documentación propia en superficie canónica,owner.audit
login_module/src/apps/audit/migrations/0001_initial.py,codigo-fuente,activo,KEEP,medio,software/documentación propia en superficie canónica,owner.audit
login_module/src/apps/audit/migrations/0002_audit_event_signature_key_id.py,codigo-fuente,activo,KEEP,medio,software/documentación propia en superficie canónica,owner.audit
login_module/src/apps/audit/migrations/__init__.py,codigo-fuente,activo,KEEP,medio,software/documentación propia en superficie canónica,owner.audit
login_module/src/apps/audit/models.py,codigo-fuente,activo,KEEP,medio,software/documentación propia en superficie canónica,owner.audit
login_module/src/apps/audit/redaction.py,codigo-fuente,activo,KEEP,medio,software/documentación propia en superficie canónica,owner.audit
login_module/src/apps/audit/serializers.py,codigo-fuente,activo,KEEP,medio,software/documentación propia en superficie canónica,owner.audit
login_module/src/apps/audit/services.py,codigo-fuente,activo,KEEP,medio,software/documentación propia en superficie canónica,owner.audit
login_module/src/apps/audit/tests.py,codigo-fuente,activo,KEEP,medio,software/documentación propia en superficie canónica,owner.audit
login_module/src/apps/audit/urls.py,codigo-fuente,activo,KEEP,medio,software/documentación propia en superficie canónica,owner.audit
login_module/src/apps/audit/views.py,codigo-fuente,activo,KEEP,medio,software/documentación propia en superficie canónica,owner.audit
login_module/src/apps/audit/writer.py,codigo-fuente,activo,KEEP,medio,software/documentación propia en superficie canónica,owner.audit
login_module/src/apps/cec/__init__.py,codigo-fuente,activo,KEEP,medio,software/documentación propia en superficie canónica,owner.backend
login_module/src/apps/cec/apps.py,codigo-fuente,activo,KEEP,medio,software/documentación propia en superficie canónica,owner.backend
login_module/src/apps/cec/migrations/0001_initial.py,codigo-fuente,activo,KEEP,medio,software/documentación propia en superficie canónica,owner.backend
login_module/src/apps/cec/migrations/0002_phase3_fields.py,codigo-fuente,activo,KEEP,medio,software/documentación propia en superficie canónica,owner.backend
login_module/src/apps/cec/migrations/__init__.py,codigo-fuente,activo,KEEP,medio,software/documentación propia en superficie canónica,owner.backend
login_module/src/apps/cec/models.py,codigo-fuente,activo,KEEP,medio,software/documentación propia en superficie canónica,owner.backend
login_module/src/apps/cec/serializers.py,codigo-fuente,activo,KEEP,medio,software/documentación propia en superficie canónica,owner.backend
login_module/src/apps/cec/services.py,codigo-fuente,activo,KEEP,medio,software/documentación propia en superficie canónica,owner.backend
login_module/src/apps/cec/urls.py,codigo-fuente,activo,KEEP,medio,software/documentación propia en superficie canónica,owner.backend
login_module/src/apps/cec/views.py,codigo-fuente,activo,KEEP,medio,software/documentación propia en superficie canónica,owner.backend
login_module/src/apps/common/__init__.py,codigo-fuente,activo,KEEP,medio,software/documentación propia en superficie canónica,owner.backend
login_module/src/apps/common/admin.py,codigo-fuente,activo,KEEP,medio,software/documentación propia en superficie canónica,owner.backend
login_module/src/apps/common/api_exceptions.py,codigo-fuente,activo,KEEP,medio,software/documentación propia en superficie canónica,owner.backend
login_module/src/apps/common/apps.py,codigo-fuente,activo,KEEP,medio,software/documentación propia en superficie canónica,owner.backend
login_module/src/apps/common/domain_errors.py,codigo-fuente,activo,KEEP,medio,software/documentación propia en superficie canónica,owner.backend
login_module/src/apps/common/migrations/__init__.py,codigo-fuente,activo,KEEP,medio,software/documentación propia en superficie canónica,owner.backend
login_module/src/apps/common/models.py,codigo-fuente,activo,KEEP,medio,software/documentación propia en superficie canónica,owner.backend
login_module/src/apps/common/pagination.py,codigo-fuente,activo,KEEP,medio,software/documentación propia en superficie canónica,owner.backend
login_module/src/apps/common/permissions.py,codigo-fuente,activo,KEEP,medio,software/documentación propia en superficie canónica,owner.backend
login_module/src/apps/common/tests.py,codigo-fuente,activo,KEEP,medio,software/documentación propia en superficie canónica,owner.backend
login_module/src/apps/common/throttling.py,codigo-fuente,activo,KEEP,medio,software/documentación propia en superficie canónica,owner.backend
login_module/src/apps/common/urls.py,codigo-fuente,activo,KEEP,medio,software/documentación propia en superficie canónica,owner.backend
login_module/src/apps/common/views.py,codigo-fuente,activo,KEEP,medio,software/documentación propia en superficie canónica,owner.backend
login_module/src/apps/hr/README.md,codigo-fuente,activo,KEEP,medio,software/documentación propia en superficie canónica,owner.hr
login_module/src/apps/hr/__init__.py,codigo-fuente,activo,KEEP,medio,software/documentación propia en superficie canónica,owner.hr
login_module/src/apps/hr/apps.py,codigo-fuente,activo,KEEP,medio,software/documentación propia en superficie canónica,owner.hr
login_module/src/apps/hr/migrations/0001_initial.py,codigo-fuente,activo,KEEP,medio,software/documentación propia en superficie canónica,owner.hr
login_module/src/apps/hr/migrations/0002_remove_positionrolemap_hr_positionrolemap_position_isactive_idx_and_more.py,codigo-fuente,activo,KEEP,medio,software/documentación propia en superficie canónica,owner.hr
login_module/src/apps/hr/migrations/0003_employmentassignment_employee_active_started_idx.py,codigo-fuente,activo,KEEP,medio,software/documentación propia en superficie canónica,owner.hr
login_module/src/apps/hr/migrations/__init__.py,codigo-fuente,activo,KEEP,medio,software/documentación propia en superficie canónica,owner.hr
login_module/src/apps/hr/models.py,codigo-fuente,activo,KEEP,medio,software/documentación propia en superficie canónica,owner.hr
login_module/src/apps/hr/serializers.py,codigo-fuente,activo,KEEP,medio,software/documentación propia en superficie canónica,owner.hr
login_module/src/apps/hr/services.py,codigo-fuente,activo,KEEP,medio,software/documentación propia en superficie canónica,owner.hr
login_module/src/apps/hr/urls.py,codigo-fuente,activo,KEEP,medio,software/documentación propia en superficie canónica,owner.hr
login_module/src/apps/hr/views.py,codigo-fuente,activo,KEEP,medio,software/documentación propia en superficie canónica,owner.hr
login_module/src/apps/iam/admin.py,codigo-fuente,activo,KEEP,medio,software/documentación propia en superficie canónica,owner.iam
login_module/src/apps/iam/apps.py,codigo-fuente,activo,KEEP,medio,software/documentación propia en superficie canónica,owner.iam
login_module/src/apps/iam/authentication.py,codigo-fuente,activo,KEEP,medio,software/documentación propia en superficie canónica,owner.iam
login_module/src/apps/iam/bootstrap.py,codigo-fuente,activo,KEEP,medio,software/documentación propia en superficie canónica,owner.iam
login_module/src/apps/iam/context.py,codigo-fuente,activo,KEEP,medio,software/documentación propia en superficie canónica,owner.iam
login_module/src/apps/iam/context_middleware.py,codigo-fuente,activo,KEEP,medio,software/documentación propia en superficie canónica,owner.iam
login_module/src/apps/iam/management/__init__.py,codigo-fuente,activo,KEEP,medio,software/documentación propia en superficie canónica,owner.iam
login_module/src/apps/iam/management/commands/__init__.py,codigo-fuente,activo,KEEP,medio,software/documentación propia en superficie canónica,owner.iam
login_module/src/apps/iam/management/commands/bootstrap_company.py,codigo-fuente,activo,KEEP,medio,software/documentación propia en superficie canónica,owner.iam
login_module/src/apps/iam/migrations/0001_initial.py,codigo-fuente,activo,KEEP,medio,software/documentación propia en superficie canónica,owner.iam
login_module/src/apps/iam/migrations/0002_initial.py,codigo-fuente,activo,KEEP,medio,software/documentación propia en superficie canónica,owner.iam
login_module/src/apps/iam/migrations/0003_orgunit_parent_type_name_idx.py,codigo-fuente,activo,KEEP,medio,software/documentación propia en superficie canónica,owner.iam
login_module/src/apps/iam/migrations/__init__.py,codigo-fuente,activo,KEEP,medio,software/documentación propia en superficie canónica,owner.iam
login_module/src/apps/iam/models.py,codigo-fuente,activo,KEEP,medio,software/documentación propia en superficie canónica,owner.iam
login_module/src/apps/iam/selectors.py,codigo-fuente,activo,KEEP,medio,software/documentación propia en superficie canónica,owner.iam
login_module/src/apps/iam/urls.py,codigo-fuente,activo,KEEP,medio,software/documentación propia en superficie canónica,owner.iam
login_module/src/apps/iam/views.py,codigo-fuente,activo,KEEP,medio,software/documentación propia en superficie canónica,owner.iam
login_module/src/apps/integration/__init__.py,codigo-fuente,activo,KEEP,medio,software/documentación propia en superficie canónica,owner.integration
login_module/src/apps/integration/apps.py,codigo-fuente,activo,KEEP,medio,software/documentación propia en superficie canónica,owner.integration
login_module/src/apps/integration/management/__init__.py,codigo-fuente,activo,KEEP,medio,software/documentación propia en superficie canónica,owner.integration
login_module/src/apps/integration/management/commands/__init__.py,codigo-fuente,activo,KEEP,medio,software/documentación propia en superficie canónica,owner.integration
login_module/src/apps/integration/management/commands/dispatch_outbox.py,codigo-fuente,activo,KEEP,medio,software/documentación propia en superficie canónica,owner.integration
login_module/src/apps/integration/migrations/0001_initial.py,codigo-fuente,activo,KEEP,medio,software/documentación propia en superficie canónica,owner.integration
login_module/src/apps/integration/migrations/0002_outbox_next_attempt_at.py,codigo-fuente,activo,KEEP,medio,software/documentación propia en superficie canónica,owner.integration
login_module/src/apps/integration/migrations/__init__.py,codigo-fuente,activo,KEEP,medio,software/documentación propia en superficie canónica,owner.integration
login_module/src/apps/integration/models.py,codigo-fuente,activo,KEEP,medio,software/documentación propia en superficie canónica,owner.integration
login_module/src/apps/integration/serializers.py,codigo-fuente,activo,KEEP,medio,software/documentación propia en superficie canónica,owner.integration
login_module/src/apps/integration/services.py,codigo-fuente,activo,KEEP,medio,software/documentación propia en superficie canónica,owner.integration
login_module/src/apps/integration/urls.py,codigo-fuente,activo,KEEP,medio,software/documentación propia en superficie canónica,owner.integration
login_module/src/apps/integration/views.py,codigo-fuente,activo,KEEP,medio,software/documentación propia en superficie canónica,owner.integration
login_module/src/apps/org/__init__.py,codigo-fuente,activo,KEEP,medio,software/documentación propia en superficie canónica,owner.org
login_module/src/apps/org/apps.py,codigo-fuente,activo,KEEP,medio,software/documentación propia en superficie canónica,owner.org
login_module/src/apps/org/migrations/0001_initial.py,codigo-fuente,activo,KEEP,medio,software/documentación propia en superficie canónica,owner.org
login_module/src/apps/org/migrations/0002_alter_branchprofile_id_alter_companyprofile_id.py,codigo-fuente,activo,KEEP,medio,software/documentación propia en superficie canónica,owner.org
login_module/src/apps/org/migrations/0003_branchprofile_fuel_uom_defaults.py,codigo-fuente,activo,KEEP,medio,software/documentación propia en superficie canónica,owner.org
login_module/src/apps/org/migrations/0004_user_fuel_uom_preference.py,codigo-fuente,activo,KEEP,medio,software/documentación propia en superficie canónica,owner.org
login_module/src/apps/org/migrations/__init__.py,codigo-fuente,activo,KEEP,medio,software/documentación propia en superficie canónica,owner.org
login_module/src/apps/org/models.py,codigo-fuente,activo,KEEP,medio,software/documentación propia en superficie canónica,owner.org
login_module/src/apps/org/serializers.py,codigo-fuente,activo,KEEP,medio,software/documentación propia en superficie canónica,owner.org
login_module/src/apps/org/urls.py,codigo-fuente,activo,KEEP,medio,software/documentación propia en superficie canónica,owner.org
login_module/src/apps/org/views.py,codigo-fuente,activo,KEEP,medio,software/documentación propia en superficie canónica,owner.org
login_module/src/apps/payments/__init__.py,codigo-fuente,activo,KEEP,medio,software/documentación propia en superficie canónica,owner.payments
login_module/src/apps/payments/apps.py,codigo-fuente,activo,KEEP,medio,software/documentación propia en superficie canónica,owner.payments
login_module/src/apps/payments/migrations/0001_initial.py,codigo-fuente,activo,KEEP,medio,software/documentación propia en superficie canónica,owner.payments
login_module/src/apps/payments/migrations/__init__.py,codigo-fuente,activo,KEEP,medio,software/documentación propia en superficie canónica,owner.payments
login_module/src/apps/payments/models.py,codigo-fuente,activo,KEEP,medio,software/documentación propia en superficie canónica,owner.payments
login_module/src/apps/payments/serializers.py,codigo-fuente,activo,KEEP,medio,software/documentación propia en superficie canónica,owner.payments
login_module/src/apps/payments/services.py,codigo-fuente,activo,KEEP,medio,software/documentación propia en superficie canónica,owner.payments
login_module/src/apps/payments/urls.py,codigo-fuente,activo,KEEP,medio,software/documentación propia en superficie canónica,owner.payments
login_module/src/apps/payments/views.py,codigo-fuente,activo,KEEP,medio,software/documentación propia en superficie canónica,owner.payments
login_module/src/apps/rbac/__init__.py,codigo-fuente,activo,KEEP,medio,software/documentación propia en superficie canónica,owner.rbac
login_module/src/apps/rbac/admin.py,codigo-fuente,activo,KEEP,medio,software/documentación propia en superficie canónica,owner.rbac
login_module/src/apps/rbac/apps.py,codigo-fuente,activo,KEEP,medio,software/documentación propia en superficie canónica,owner.rbac
login_module/src/apps/rbac/management/__init__.py,codigo-fuente,activo,KEEP,medio,software/documentación propia en superficie canónica,owner.rbac
login_module/src/apps/rbac/management/commands/__init__.py,codigo-fuente,activo,KEEP,medio,software/documentación propia en superficie canónica,owner.rbac
login_module/src/apps/rbac/management/commands/seed_rbac_v01.py,codigo-fuente,activo,KEEP,medio,software/documentación propia en superficie canónica,owner.rbac
login_module/src/apps/rbac/migrations/0001_initial.py,codigo-fuente,activo,KEEP,medio,software/documentación propia en superficie canónica,owner.rbac
login_module/src/apps/rbac/migrations/0002_roleassignment_origin.py,codigo-fuente,activo,KEEP,medio,software/documentación propia en superficie canónica,owner.rbac
login_module/src/apps/rbac/migrations/0003_rename_rbac_roleas_origin_isactive_idx_rbac_roleas_origin_7700cc_idx.py,codigo-fuente,activo,KEEP,medio,software/documentación propia en superficie canónica,owner.rbac
login_module/src/apps/rbac/migrations/0004_role_permission_active_indexes.py,codigo-fuente,activo,KEEP,medio,software/documentación propia en superficie canónica,owner.rbac
login_module/src/apps/rbac/migrations/__init__.py,codigo-fuente,activo,KEEP,medio,software/documentación propia en superficie canónica,owner.rbac
login_module/src/apps/rbac/models.py,codigo-fuente,activo,KEEP,medio,software/documentación propia en superficie canónica,owner.rbac
login_module/src/apps/rbac/seed_v01.py,codigo-fuente,activo,KEEP,medio,software/documentación propia en superficie canónica,owner.rbac
login_module/src/apps/rbac/selectors.py,codigo-fuente,activo,KEEP,medio,software/documentación propia en superficie canónica,owner.rbac
login_module/src/apps/rbac/serializers.py,codigo-fuente,activo,KEEP,medio,software/documentación propia en superficie canónica,owner.rbac
login_module/src/apps/rbac/tests.py,codigo-fuente,activo,KEEP,medio,software/documentación propia en superficie canónica,owner.rbac
login_module/src/apps/rbac/urls.py,codigo-fuente,activo,KEEP,medio,software/documentación propia en superficie canónica,owner.rbac
login_module/src/apps/rbac/views.py,codigo-fuente,activo,KEEP,medio,software/documentación propia en superficie canónica,owner.rbac
login_module/src/apps/sync/__init__.py,codigo-fuente,activo,KEEP,medio,software/documentación propia en superficie canónica,owner.backend
login_module/src/apps/sync/apps.py,codigo-fuente,activo,KEEP,medio,software/documentación propia en superficie canónica,owner.backend
login_module/src/apps/sync/handlers.py,codigo-fuente,activo,KEEP,medio,software/documentación propia en superficie canónica,owner.backend
login_module/src/apps/sync/migrations/0001_initial.py,codigo-fuente,activo,KEEP,medio,software/documentación propia en superficie canónica,owner.backend
login_module/src/apps/sync/migrations/__init__.py,codigo-fuente,activo,KEEP,medio,software/documentación propia en superficie canónica,owner.backend
login_module/src/apps/sync/models.py,codigo-fuente,activo,KEEP,medio,software/documentación propia en superficie canónica,owner.backend
login_module/src/apps/sync/serializers.py,codigo-fuente,activo,KEEP,medio,software/documentación propia en superficie canónica,owner.backend
login_module/src/apps/sync/signing.py,codigo-fuente,activo,KEEP,medio,software/documentación propia en superficie canónica,owner.backend
login_module/src/apps/sync/tests/__init__.py,codigo-fuente,activo,KEEP,medio,software/documentación propia en superficie canónica,owner.backend
login_module/src/apps/sync/tests/test_sync_batch.py,codigo-fuente,activo,KEEP,medio,software/documentación propia en superficie canónica,owner.backend
login_module/src/apps/sync/urls.py,codigo-fuente,activo,KEEP,medio,software/documentación propia en superficie canónica,owner.backend
login_module/src/apps/sync/views.py,codigo-fuente,activo,KEEP,medio,software/documentación propia en superficie canónica,owner.backend
login_module/src/apps/sync_engine/admin.py,codigo-fuente,activo,KEEP,medio,software/documentación propia en superficie canónica,owner.sync
login_module/src/apps/sync_engine/apps.py,codigo-fuente,activo,KEEP,medio,software/documentación propia en superficie canónica,owner.sync
login_module/src/apps/sync_engine/errors.py,codigo-fuente,activo,KEEP,medio,software/documentación propia en superficie canónica,owner.sync
login_module/src/apps/sync_engine/handlers_demo.py,codigo-fuente,activo,KEEP,medio,software/documentación propia en superficie canónica,owner.sync
login_module/src/apps/sync_engine/handlers_inventory.py,codigo-fuente,activo,KEEP,medio,software/documentación propia en superficie canónica,owner.sync
login_module/src/apps/sync_engine/migrations/0001_initial.py,codigo-fuente,activo,KEEP,medio,software/documentación propia en superficie canónica,owner.sync
login_module/src/apps/sync_engine/migrations/__init__.py,codigo-fuente,activo,KEEP,medio,software/documentación propia en superficie canónica,owner.sync
login_module/src/apps/sync_engine/models.py,codigo-fuente,activo,KEEP,medio,software/documentación propia en superficie canónica,owner.sync
login_module/src/apps/sync_engine/registry.py,codigo-fuente,activo,KEEP,medio,software/documentación propia en superficie canónica,owner.sync
login_module/src/apps/sync_engine/serializers.py,codigo-fuente,activo,KEEP,medio,software/documentación propia en superficie canónica,owner.sync
login_module/src/apps/sync_engine/services.py,codigo-fuente,activo,KEEP,medio,software/documentación propia en superficie canónica,owner.sync
login_module/src/apps/sync_engine/signing.py,codigo-fuente,activo,KEEP,medio,software/documentación propia en superficie canónica,owner.sync
login_module/src/apps/sync_engine/urls.py,codigo-fuente,activo,KEEP,medio,software/documentación propia en superficie canónica,owner.sync
login_module/src/apps/sync_engine/views.py,codigo-fuente,activo,KEEP,medio,software/documentación propia en superficie canónica,owner.sync
login_module/src/config/__init__.py,codigo-fuente,activo,KEEP,medio,software/documentación propia en superficie canónica,owner.platform
login_module/src/config/asgi.py,codigo-fuente,activo,KEEP,medio,software/documentación propia en superficie canónica,owner.platform
login_module/src/config/csp_report.py,codigo-fuente,activo,KEEP,medio,software/documentación propia en superficie canónica,owner.platform
login_module/src/config/drf_exception_handler.py,codigo-fuente,activo,KEEP,medio,software/documentación propia en superficie canónica,owner.platform
login_module/src/config/error_envelope.py,codigo-fuente,activo,KEEP,medio,software/documentación propia en superficie canónica,owner.platform
login_module/src/config/logging_utils.py,codigo-fuente,activo,KEEP,medio,software/documentación propia en superficie canónica,owner.platform
login_module/src/config/metrics.py,codigo-fuente,activo,KEEP,medio,software/documentación propia en superficie canónica,owner.platform
login_module/src/config/middleware/__init__.py,codigo-fuente,activo,KEEP,medio,software/documentación propia en superficie canónica,owner.platform
login_module/src/config/middleware/api_error_envelope.py,codigo-fuente,activo,KEEP,medio,software/documentación propia en superficie canónica,owner.platform
login_module/src/config/middleware/cookie_csrf.py,codigo-fuente,activo,KEEP,medio,software/documentación propia en superficie canónica,owner.platform
login_module/src/config/middleware/request_id.py,codigo-fuente,activo,KEEP,medio,software/documentación propia en superficie canónica,owner.platform
login_module/src/config/middleware/request_logging.py,codigo-fuente,activo,KEEP,medio,software/documentación propia en superficie canónica,owner.platform
login_module/src/config/settings/README.md,codigo-fuente,activo,KEEP,medio,software/documentación propia en superficie canónica,owner.platform
login_module/src/config/settings/__init__.py,codigo-fuente,activo,KEEP,medio,software/documentación propia en superficie canónica,owner.platform
login_module/src/config/settings/base.py,codigo-fuente,activo,KEEP,medio,software/documentación propia en superficie canónica,owner.platform
login_module/src/config/settings/dev.py,codigo-fuente,activo,KEEP,medio,software/documentación propia en superficie canónica,owner.platform
login_module/src/config/settings/prod.py,codigo-fuente,activo,KEEP,medio,software/documentación propia en superficie canónica,owner.platform
login_module/src/config/settings/pytest.ini,codigo-fuente,activo,KEEP,medio,software/documentación propia en superficie canónica,owner.platform
login_module/src/config/settings/test.py,codigo-fuente,activo,KEEP,medio,software/documentación propia en superficie canónica,owner.platform
login_module/src/config/throttling.py,codigo-fuente,activo,KEEP,medio,software/documentación propia en superficie canónica,owner.platform
login_module/src/config/urls.py,codigo-fuente,activo,KEEP,medio,software/documentación propia en superficie canónica,owner.platform
login_module/src/config/wsgi.py,codigo-fuente,activo,KEEP,medio,software/documentación propia en superficie canónica,owner.platform
login_module/src/manage.py,codigo-fuente,activo,KEEP,medio,software/documentación propia en superficie canónica,owner.unassigned
login_module/src/static/.gitkeep,soporte,activo,KEEP,bajo,archivo de soporte no generado,owner.unassigned
login_module/src/tests/test_architecture_kernels_models.py,codigo-fuente,activo,KEEP,medio,software/documentación propia en superficie canónica,owner.unassigned
login_module/src/tests/test_auth_audit_request_id.py,codigo-fuente,activo,KEEP,medio,software/documentación propia en superficie canónica,owner.unassigned
login_module/src/tests/test_auth_throttling.py,codigo-fuente,activo,KEEP,medio,software/documentación propia en superficie canónica,owner.unassigned
login_module/src/tests/test_auth_throttling_me_context.py,codigo-fuente,activo,KEEP,medio,software/documentación propia en superficie canónica,owner.unassigned
login_module/src/tests/test_billing_doc_flow.py,codigo-fuente,activo,KEEP,medio,software/documentación propia en superficie canónica,owner.unassigned
login_module/src/tests/test_billing_kernel.py,codigo-fuente,activo,KEEP,medio,software/documentación propia en superficie canónica,owner.unassigned
login_module/src/tests/test_bootstrap_api.py,codigo-fuente,activo,KEEP,medio,software/documentación propia en superficie canónica,owner.unassigned
login_module/src/tests/test_bootstrap_company_command.py,codigo-fuente,activo,KEEP,medio,software/documentación propia en superficie canónica,owner.unassigned
login_module/src/tests/test_error_envelope_context.py,codigo-fuente,activo,KEEP,medio,software/documentación propia en superficie canónica,owner.unassigned
login_module/src/tests/test_fuel_billing_inventory_integration.py,codigo-fuente,activo,KEEP,medio,software/documentación propia en superficie canónica,owner.unassigned
login_module/src/tests/test_fuel_compensation_phase2.py,codigo-fuente,activo,KEEP,medio,software/documentación propia en superficie canónica,owner.unassigned
login_module/src/tests/test_fuel_read_and_reports.py,codigo-fuente,activo,KEEP,medio,software/documentación propia en superficie canónica,owner.unassigned
login_module/src/tests/test_fuel_shift_flow.py,codigo-fuente,activo,KEEP,medio,software/documentación propia en superficie canónica,owner.unassigned
login_module/src/tests/test_fuel_uom_preferences.py,codigo-fuente,activo,KEEP,medio,software/documentación propia en superficie canónica,owner.unassigned
login_module/src/tests/test_hr_end_assignment_endpoint.py,codigo-fuente,activo,KEEP,medio,software/documentación propia en superficie canónica,owner.unassigned
login_module/src/tests/test_hr_position_role_automation.py,codigo-fuente,activo,KEEP,medio,software/documentación propia en superficie canónica,owner.unassigned
login_module/src/tests/test_hr_revoke_access_endpoint.py,codigo-fuente,activo,KEEP,medio,software/documentación propia en superficie canónica,owner.unassigned
login_module/src/tests/test_iam_context_headers.py,codigo-fuente,activo,KEEP,medio,software/documentación propia en superficie canónica,owner.unassigned
login_module/src/tests/test_integration_idempotency_concurrency.py,codigo-fuente,activo,KEEP,medio,software/documentación propia en superficie canónica,owner.unassigned
login_module/src/tests/test_inventory_kernel.py,codigo-fuente,activo,KEEP,medio,software/documentación propia en superficie canónica,owner.unassigned
login_module/src/tests/test_inventory_kernel_flow.py,codigo-fuente,activo,KEEP,medio,software/documentación propia en superficie canónica,owner.unassigned
login_module/src/tests/test_kernel_boundary_errors.py,codigo-fuente,activo,KEEP,medio,software/documentación propia en superficie canónica,owner.unassigned
login_module/src/tests/test_openapi_schema_permissions.py,codigo-fuente,activo,KEEP,medio,software/documentación propia en superficie canónica,owner.unassigned
login_module/src/tests/test_phase10_procurement_4b.py,codigo-fuente,activo,KEEP,medio,software/documentación propia en superficie canónica,owner.unassigned
login_module/src/tests/test_phase11_intercompany_advanced.py,codigo-fuente,activo,KEEP,medio,software/documentación propia en superficie canónica,owner.unassigned
login_module/src/tests/test_phase12_advanced_policy.py,codigo-fuente,activo,KEEP,medio,software/documentación propia en superficie canónica,owner.unassigned
login_module/src/tests/test_phase1_operational_contracts.py,codigo-fuente,activo,KEEP,medio,software/documentación propia en superficie canónica,owner.unassigned
login_module/src/tests/test_phase2_canonical_events.py,codigo-fuente,activo,KEEP,medio,software/documentación propia en superficie canónica,owner.unassigned
login_module/src/tests/test_phase2_cec_integration_api.py,codigo-fuente,activo,KEEP,medio,software/documentación propia en superficie canónica,owner.unassigned
login_module/src/tests/test_phase2_payments_api.py,codigo-fuente,activo,KEEP,medio,software/documentación propia en superficie canónica,owner.unassigned
login_module/src/tests/test_phase3_cec_execute_api.py,codigo-fuente,activo,KEEP,medio,software/documentación propia en superficie canónica,owner.unassigned
login_module/src/tests/test_phase3_cec_orchestrator.py,codigo-fuente,activo,KEEP,medio,software/documentación propia en superficie canónica,owner.unassigned
login_module/src/tests/test_phase3_outbox_dispatcher.py,codigo-fuente,activo,KEEP,medio,software/documentación propia en superficie canónica,owner.unassigned
login_module/src/tests/test_phase4_go_live_gate.py,codigo-fuente,activo,KEEP,medio,software/documentación propia en superficie canónica,owner.unassigned
login_module/src/tests/test_phase4_operational_certification.py,codigo-fuente,activo,KEEP,medio,software/documentación propia en superficie canónica,owner.unassigned
login_module/src/tests/test_phase4_shadow_ledger.py,codigo-fuente,activo,KEEP,medio,software/documentación propia en superficie canónica,owner.unassigned
login_module/src/tests/test_phase4_shadow_ledger_cycle_command.py,codigo-fuente,activo,KEEP,medio,software/documentación propia en superficie canónica,owner.unassigned
login_module/src/tests/test_phase5_accounting_api.py,codigo-fuente,activo,KEEP,medio,software/documentación propia en superficie canónica,owner.unassigned
login_module/src/tests/test_phase5_operational_go_live_gate.py,codigo-fuente,activo,KEEP,medio,software/documentación propia en superficie canónica,owner.unassigned
login_module/src/tests/test_phase5_operational_rollout_tools.py,codigo-fuente,activo,KEEP,medio,software/documentación propia en superficie canónica,owner.unassigned
login_module/src/tests/test_phase5_posting_controlled.py,codigo-fuente,activo,KEEP,medio,software/documentación propia en superficie canónica,owner.unassigned
login_module/src/tests/test_phase6_adapter_b_readiness.py,codigo-fuente,activo,KEEP,medio,software/documentación propia en superficie canónica,owner.unassigned
login_module/src/tests/test_phase6_go_live_toolchain.py,codigo-fuente,activo,KEEP,medio,software/documentación propia en superficie canónica,owner.unassigned
login_module/src/tests/test_phase7a_gl_core.py,codigo-fuente,activo,KEEP,medio,software/documentación propia en superficie canónica,owner.unassigned
login_module/src/tests/test_phase7b_intercompany_consolidation.py,codigo-fuente,activo,KEEP,medio,software/documentación propia en superficie canónica,owner.unassigned
login_module/src/tests/test_phase8_go_live_toolchain.py,codigo-fuente,activo,KEEP,medio,software/documentación propia en superficie canónica,owner.unassigned
login_module/src/tests/test_phase9_to_phase12_toolchain.py,codigo-fuente,activo,KEEP,medio,software/documentación propia en superficie canónica,owner.unassigned
login_module/src/tests/test_provision_user.py,codigo-fuente,activo,KEEP,medio,software/documentación propia en superficie canónica,owner.unassigned
login_module/src/tests/test_rbac_list_endpoints.py,codigo-fuente,activo,KEEP,medio,software/documentación propia en superficie canónica,owner.unassigned
login_module/src/tests/test_seed_rbac_v01_command.py,codigo-fuente,activo,KEEP,medio,software/documentación propia en superficie canónica,owner.unassigned
login_module/src/tests/test_sync_devices_list.py,codigo-fuente,activo,KEEP,medio,software/documentación propia en superficie canónica,owner.unassigned
login_module/src/tests/views.py,codigo-fuente,activo,KEEP,medio,software/documentación propia en superficie canónica,owner.unassigned
modulos/__init__.py,codigo-fuente,activo,KEEP,medio,software/documentación propia en superficie canónica,owner.unassigned
modulos/compras/__init__.py,codigo-fuente,activo,KEEP,medio,software/documentación propia en superficie canónica,owner.procurement
modulos/compras/apps.py,codigo-fuente,activo,KEEP,medio,software/documentación propia en superficie canónica,owner.procurement
modulos/compras/certification_phase10.py,codigo-fuente,activo,KEEP,medio,software/documentación propia en superficie canónica,owner.procurement
modulos/compras/management/__init__.py,codigo-fuente,activo,KEEP,medio,software/documentación propia en superficie canónica,owner.procurement
modulos/compras/management/commands/__init__.py,codigo-fuente,activo,KEEP,medio,software/documentación propia en superficie canónica,owner.procurement
modulos/compras/management/commands/certify_phase10_procurement_run.py,codigo-fuente,activo,KEEP,medio,software/documentación propia en superficie canónica,owner.procurement
modulos/compras/management/commands/export_phase10_env_manifest.py,codigo-fuente,activo,KEEP,medio,software/documentación propia en superficie canónica,owner.procurement
modulos/compras/management/commands/run_phase10_procurement_cycle.py,codigo-fuente,activo,KEEP,medio,software/documentación propia en superficie canónica,owner.procurement
modulos/compras/management/commands/verify_phase10_go_live.py,codigo-fuente,activo,KEEP,medio,software/documentación propia en superficie canónica,owner.procurement
modulos/compras/migrations/0001_initial.py,codigo-fuente,activo,KEEP,medio,software/documentación propia en superficie canónica,owner.procurement
modulos/compras/migrations/0002_purchase_document_accounting_links.py,codigo-fuente,activo,KEEP,medio,software/documentación propia en superficie canónica,owner.procurement
modulos/compras/migrations/__init__.py,codigo-fuente,activo,KEEP,medio,software/documentación propia en superficie canónica,owner.procurement
modulos/compras/models.py,codigo-fuente,activo,KEEP,medio,software/documentación propia en superficie canónica,owner.procurement
modulos/compras/serializers.py,codigo-fuente,activo,KEEP,medio,software/documentación propia en superficie canónica,owner.procurement
modulos/compras/services.py,codigo-fuente,activo,KEEP,medio,software/documentación propia en superficie canónica,owner.procurement
modulos/compras/urls.py,codigo-fuente,activo,KEEP,medio,software/documentación propia en superficie canónica,owner.procurement
modulos/compras/views.py,codigo-fuente,activo,KEEP,medio,software/documentación propia en superficie canónica,owner.procurement
modulos/estacion_servicios/__init__.py,codigo-fuente,activo,KEEP,medio,software/documentación propia en superficie canónica,owner.fuel
modulos/estacion_servicios/apps.py,codigo-fuente,activo,KEEP,medio,software/documentación propia en superficie canónica,owner.fuel
modulos/estacion_servicios/management/__init__.py,codigo-fuente,activo,KEEP,medio,software/documentación propia en superficie canónica,owner.fuel
modulos/estacion_servicios/management/commands/__init__.py,codigo-fuente,activo,KEEP,medio,software/documentación propia en superficie canónica,owner.fuel
modulos/estacion_servicios/management/commands/run_fuel_compensation_cycle.py,codigo-fuente,activo,KEEP,medio,software/documentación propia en superficie canónica,owner.fuel
modulos/estacion_servicios/migrations/0001_initial.py,codigo-fuente,activo,KEEP,medio,software/documentación propia en superficie canónica,owner.fuel
modulos/estacion_servicios/migrations/0002_uom_and_precision.py,codigo-fuente,activo,KEEP,medio,software/documentación propia en superficie canónica,owner.fuel
modulos/estacion_servicios/migrations/0003_price_uom_and_field_renames.py,codigo-fuente,activo,KEEP,medio,software/documentación propia en superficie canónica,owner.fuel
modulos/estacion_servicios/migrations/0004_backfill_entered_fields_and_enforce_not_null.py,codigo-fuente,activo,KEEP,medio,software/documentación propia en superficie canónica,owner.fuel
modulos/estacion_servicios/migrations/0005_amounts_dual_entered_and_canonical.py,codigo-fuente,activo,KEEP,medio,software/documentación propia en superficie canónica,owner.fuel
modulos/estacion_servicios/migrations/0006_fuel_uom_preference_unified.py,codigo-fuente,activo,KEEP,medio,software/documentación propia en superficie canónica,owner.fuel
modulos/estacion_servicios/migrations/0007_alter_fueluompreference_user_related_name.py,codigo-fuente,activo,KEEP,medio,software/documentación propia en superficie canónica,owner.fuel
modulos/estacion_servicios/migrations/0008_fuelsale_billing_and_inventory_links.py,codigo-fuente,activo,KEEP,medio,software/documentación propia en superficie canónica,owner.fuel
modulos/estacion_servicios/migrations/0009_fuelsale_compensation_state.py,codigo-fuente,activo,KEEP,medio,software/documentación propia en superficie canónica,owner.fuel
modulos/estacion_servicios/migrations/__init__.py,codigo-fuente,activo,KEEP,medio,software/documentación propia en superficie canónica,owner.fuel
modulos/estacion_servicios/models.py,codigo-fuente,activo,KEEP,medio,software/documentación propia en superficie canónica,owner.fuel
modulos/estacion_servicios/serializers.py,codigo-fuente,activo,KEEP,medio,software/documentación propia en superficie canónica,owner.fuel
modulos/estacion_servicios/services.py,codigo-fuente,activo,KEEP,medio,software/documentación propia en superficie canónica,owner.fuel
modulos/estacion_servicios/urls.py,codigo-fuente,activo,KEEP,medio,software/documentación propia en superficie canónica,owner.fuel
modulos/estacion_servicios/views.py,codigo-fuente,activo,KEEP,medio,software/documentación propia en superficie canónica,owner.fuel
modulos/facturacion/__init__.py,codigo-fuente,activo,KEEP,medio,software/documentación propia en superficie canónica,owner.billing
modulos/facturacion/apps.py,codigo-fuente,activo,KEEP,medio,software/documentación propia en superficie canónica,owner.billing
modulos/facturacion/certification.py,codigo-fuente,activo,KEEP,medio,software/documentación propia en superficie canónica,owner.billing
modulos/facturacion/certification_phase9.py,codigo-fuente,activo,KEEP,medio,software/documentación propia en superficie canónica,owner.billing
modulos/facturacion/fiscal_adapters.py,codigo-fuente,activo,KEEP,medio,software/documentación propia en superficie canónica,owner.billing
modulos/facturacion/management/__init__.py,codigo-fuente,activo,KEEP,medio,software/documentación propia en superficie canónica,owner.billing
modulos/facturacion/management/commands/__init__.py,codigo-fuente,activo,KEEP,medio,software/documentación propia en superficie canónica,owner.billing
modulos/facturacion/management/commands/certify_adapter_b_provider_run.py,codigo-fuente,activo,KEEP,medio,software/documentación propia en superficie canónica,owner.billing
modulos/facturacion/management/commands/certify_adapter_b_run.py,codigo-fuente,activo,KEEP,medio,software/documentación propia en superficie canónica,owner.billing
modulos/facturacion/management/commands/compare_phase6_env_manifests.py,codigo-fuente,activo,KEEP,medio,software/documentación propia en superficie canónica,owner.billing
modulos/facturacion/management/commands/compare_phase9_env_manifests.py,codigo-fuente,activo,KEEP,medio,software/documentación propia en superficie canónica,owner.billing
modulos/facturacion/management/commands/export_phase6_env_manifest.py,codigo-fuente,activo,KEEP,medio,software/documentación propia en superficie canónica,owner.billing
modulos/facturacion/management/commands/export_phase9_env_manifest.py,codigo-fuente,activo,KEEP,medio,software/documentación propia en superficie canónica,owner.billing
modulos/facturacion/management/commands/process_fiscal_print_jobs.py,codigo-fuente,activo,KEEP,medio,software/documentación propia en superficie canónica,owner.billing
modulos/facturacion/management/commands/retry_fiscal_print_job.py,codigo-fuente,activo,KEEP,medio,software/documentación propia en superficie canónica,owner.billing
modulos/facturacion/management/commands/run_adapter_b_cycle.py,codigo-fuente,activo,KEEP,medio,software/documentación propia en superficie canónica,owner.billing
modulos/facturacion/management/commands/run_adapter_b_provider_cycle.py,codigo-fuente,activo,KEEP,medio,software/documentación propia en superficie canónica,owner.billing
modulos/facturacion/management/commands/set_branch_fiscal_mode.py,codigo-fuente,activo,KEEP,medio,software/documentación propia en superficie canónica,owner.billing
modulos/facturacion/management/commands/test_adapter_b_provider.py,codigo-fuente,activo,KEEP,medio,software/documentación propia en superficie canónica,owner.billing
modulos/facturacion/management/commands/verify_phase6_go_live.py,codigo-fuente,activo,KEEP,medio,software/documentación propia en superficie canónica,owner.billing
modulos/facturacion/management/commands/verify_phase9_go_live.py,codigo-fuente,activo,KEEP,medio,software/documentación propia en superficie canónica,owner.billing
modulos/facturacion/migrations/0001_initial.py,codigo-fuente,activo,KEEP,medio,software/documentación propia en superficie canónica,owner.billing
modulos/facturacion/migrations/0002_phase6_adapter_b.py,codigo-fuente,activo,KEEP,medio,software/documentación propia en superficie canónica,owner.billing
modulos/facturacion/migrations/0003_accounting_links.py,codigo-fuente,activo,KEEP,medio,software/documentación propia en superficie canónica,owner.billing
modulos/facturacion/migrations/0004_billingdocument_source_refs.py,codigo-fuente,activo,KEEP,medio,software/documentación propia en superficie canónica,owner.billing
modulos/facturacion/migrations/__init__.py,codigo-fuente,activo,KEEP,medio,software/documentación propia en superficie canónica,owner.billing
modulos/facturacion/models.py,codigo-fuente,activo,KEEP,medio,software/documentación propia en superficie canónica,owner.billing
modulos/facturacion/serializers.py,codigo-fuente,activo,KEEP,medio,software/documentación propia en superficie canónica,owner.billing
modulos/facturacion/services.py,codigo-fuente,activo,KEEP,medio,software/documentación propia en superficie canónica,owner.billing
modulos/facturacion/tests/test_billing_accounting_integration.py,codigo-fuente,activo,KEEP,medio,software/documentación propia en superficie canónica,owner.billing
modulos/facturacion/urls.py,codigo-fuente,activo,KEEP,medio,software/documentación propia en superficie canónica,owner.billing
modulos/facturacion/urls_legacy.py,codigo-fuente,activo,KEEP,medio,software/documentación propia en superficie canónica,owner.billing
modulos/facturacion/views.py,codigo-fuente,activo,KEEP,medio,software/documentación propia en superficie canónica,owner.billing
modulos/inventarios/__init__.py,codigo-fuente,activo,KEEP,medio,software/documentación propia en superficie canónica,owner.inventory
modulos/inventarios/apps.py,codigo-fuente,activo,KEEP,medio,software/documentación propia en superficie canónica,owner.inventory
modulos/inventarios/migrations/0001_initial.py,codigo-fuente,activo,KEEP,medio,software/documentación propia en superficie canónica,owner.inventory
modulos/inventarios/migrations/0002_stockmovement_accounting_links.py,codigo-fuente,activo,KEEP,medio,software/documentación propia en superficie canónica,owner.inventory
modulos/inventarios/migrations/__init__.py,codigo-fuente,activo,KEEP,medio,software/documentación propia en superficie canónica,owner.inventory
modulos/inventarios/models.py,codigo-fuente,activo,KEEP,medio,software/documentación propia en superficie canónica,owner.inventory
modulos/inventarios/serializers.py,codigo-fuente,activo,KEEP,medio,software/documentación propia en superficie canónica,owner.inventory
modulos/inventarios/services.py,codigo-fuente,activo,KEEP,medio,software/documentación propia en superficie canónica,owner.inventory
modulos/inventarios/tests/test_inventory_accounting_integration.py,codigo-fuente,activo,KEEP,medio,software/documentación propia en superficie canónica,owner.inventory
modulos/inventarios/urls.py,codigo-fuente,activo,KEEP,medio,software/documentación propia en superficie canónica,owner.inventory
modulos/inventarios/views.py,codigo-fuente,activo,KEEP,medio,software/documentación propia en superficie canónica,owner.inventory
qa/NPM_AUDIT_EXCEPTION_POLICY.md,codigo-fuente,activo,KEEP,medio,software/documentación propia en superficie canónica,owner.qa
qa/README.md,codigo-fuente,activo,KEEP,medio,software/documentación propia en superficie canónica,owner.qa
qa/RISK_REGISTER.md,codigo-fuente,activo,KEEP,medio,software/documentación propia en superficie canónica,owner.qa
qa/coverage_by_domain.py,codigo-fuente,activo,KEEP,medio,software/documentación propia en superficie canónica,owner.qa
qa/emit_run_manifest.py,codigo-fuente,activo,KEEP,medio,software/documentación propia en superficie canónica,owner.qa
qa/k6/README.md,codigo-fuente,activo,KEEP,medio,software/documentación propia en superficie canónica,owner.qa
qa/k6/auth_load_simulation.js,codigo-fuente,activo,KEEP,medio,software/documentación propia en superficie canónica,owner.qa
qa/k6/auth_smoke.js,codigo-fuente,activo,KEEP,medio,software/documentación propia en superficie canónica,owner.qa
qa/k6/auth_stress.js,codigo-fuente,activo,KEEP,medio,software/documentación propia en superficie canónica,owner.qa
qa/k6/operational_posting_load.js,codigo-fuente,activo,KEEP,medio,software/documentación propia en superficie canónica,owner.qa
qa/mypy_baseline.txt,codigo-fuente,activo,KEEP,medio,software/documentación propia en superficie canónica,owner.qa
qa/mypy_baseline_guard.py,codigo-fuente,activo,KEEP,medio,software/documentación propia en superficie canónica,owner.qa
qa/phase10_cycle.cron.example,soporte,activo,KEEP,bajo,archivo de soporte no generado,owner.qa
qa/phase11_cycle.cron.example,soporte,activo,KEEP,bajo,archivo de soporte no generado,owner.qa
qa/phase12_cycle.cron.example,soporte,activo,KEEP,bajo,archivo de soporte no generado,owner.qa
qa/phase8_burnin.cron.example,soporte,activo,KEEP,bajo,archivo de soporte no generado,owner.qa
qa/phase8_work_calendar.example.json,codigo-fuente,activo,KEEP,medio,software/documentación propia en superficie canónica,owner.qa
qa/phase9_cycle.cron.example,soporte,activo,KEEP,bajo,archivo de soporte no generado,owner.qa
qa/repo_comment_audit.py,codigo-fuente,activo,KEEP,medio,software/documentación propia en superficie canónica,owner.qa
qa/repo_hygiene_guard.py,codigo-fuente,activo,KEEP,medio,software/documentación propia en superficie canónica,owner.qa
qa/repo_hygiene_inventory.py,codigo-fuente,activo,KEEP,medio,software/documentación propia en superficie canónica,owner.qa
qa/reset_phase8_window.sh,codigo-fuente,activo,KEEP,medio,software/documentación propia en superficie canónica,owner.qa
qa/run_bug_bounty_local.sh,codigo-fuente,activo,KEEP,medio,software/documentación propia en superficie canónica,owner.qa
qa/run_master_f1_f12_closure.sh,codigo-fuente,activo,KEEP,medio,software/documentación propia en superficie canónica,owner.qa
qa/run_operational_go_live.sh,codigo-fuente,activo,KEEP,medio,software/documentación propia en superficie canónica,owner.qa
qa/run_operational_hygiene_checks.sh,codigo-fuente,activo,KEEP,medio,software/documentación propia en superficie canónica,owner.qa
qa/run_operational_performance_gate.sh,codigo-fuente,activo,KEEP,medio,software/documentación propia en superficie canónica,owner.qa
qa/run_operational_pilot_rollout.sh,codigo-fuente,activo,KEEP,medio,software/documentación propia en superficie canónica,owner.qa
qa/run_phase10_go_live.sh,codigo-fuente,activo,KEEP,medio,software/documentación propia en superficie canónica,owner.qa
qa/run_phase11_go_live.sh,codigo-fuente,activo,KEEP,medio,software/documentación propia en superficie canónica,owner.qa
qa/run_phase12_go_live.sh,codigo-fuente,activo,KEEP,medio,software/documentación propia en superficie canónica,owner.qa
qa/run_phase8_burnin_daily.sh,codigo-fuente,activo,KEEP,medio,software/documentación propia en superficie canónica,owner.qa
qa/run_phase8_calendar_guard.sh,codigo-fuente,activo,KEEP,medio,software/documentación propia en superficie canónica,owner.qa
qa/run_phase8_go_live.sh,codigo-fuente,activo,KEEP,medio,software/documentación propia en superficie canónica,owner.qa
qa/run_phase8_live_tick.sh,codigo-fuente,activo,KEEP,medio,software/documentación propia en superficie canónica,owner.qa
qa/run_phase9_go_live.sh,codigo-fuente,activo,KEEP,medio,software/documentación propia en superficie canónica,owner.qa
qa/run_post_f8_phases.sh,codigo-fuente,activo,KEEP,medio,software/documentación propia en superficie canónica,owner.qa
qa/run_qa_ci.sh,codigo-fuente,activo,KEEP,medio,software/documentación propia en superficie canónica,owner.qa
qa/static_scan_backend.sh,codigo-fuente,activo,KEEP,medio,software/documentación propia en superficie canónica,owner.qa
qa/wait_backend_ready.py,codigo-fuente,activo,KEEP,medio,software/documentación propia en superficie canónica,owner.qa
